﻿<?xml version="1.0" encoding="utf-8"?>
<?xml-stylesheet type="text/xsl" href="_UpgradeWizard_Files\UpgradeWizardLog.xslt"?>
<log>
  <event action="Analyze" type="Success" name="Binary References" path="C:\Users\emartyny\Desktop\HtmlToBitmap\HTMLRendering\WebSite1\Bin\" />
  <event action="Analyze" type="Success" name="Register Directives" path="C:\Users\emartyny\Desktop\HtmlToBitmap\HTMLRendering\WebSite1\Default.aspx" />
  <event action="Analyze" type="Success" name="Assembly Directives" path="C:\Users\emartyny\Desktop\HtmlToBitmap\HTMLRendering\WebSite1\Default.aspx" />
  <event action="Analyze" type="Success" name="Default.aspx" path="C:\Users\emartyny\Desktop\HtmlToBitmap\HTMLRendering\WebSite1\Default.aspx" />
  <event action="Analyze" type="Success" name="Assembly References" path="C:\Users\emartyny\Desktop\HtmlToBitmap\HTMLRendering\WebSite1\Web.Config" />
  <event action="Analyze" type="Success" name="Http Handlers" path="C:\Users\emartyny\Desktop\HtmlToBitmap\HTMLRendering\WebSite1\Web.Config" />
  <event action="Analyze" type="Success" name="Handlers (IIS7+)" path="C:\Users\emartyny\Desktop\HtmlToBitmap\HTMLRendering\WebSite1\Web.Config" />
  <event action="Analyze" type="Success" name="Config Sections" path="C:\Users\emartyny\Desktop\HtmlToBitmap\HTMLRendering\WebSite1\Web.Config" />
  <event action="Analyze" type="Success" name="Render Extensions" path="C:\Users\emartyny\Desktop\HtmlToBitmap\HTMLRendering\WebSite1\Web.Config" />
  <event action="Analyze" type="Success" name="Session State Providers" path="C:\Users\emartyny\Desktop\HtmlToBitmap\HTMLRendering\WebSite1\Web.Config" />
  <event action="Analyze" type="Success" name="Web.Config" path="C:\Users\emartyny\Desktop\HtmlToBitmap\HTMLRendering\WebSite1\Web.Config" />
  <event action="Analyze" type="Success" name="C:\...\WebSite1\" path="C:\Users\emartyny\Desktop\HtmlToBitmap\HTMLRendering\WebSite1" />
  <event action="Analyze" type="Success" name="Assembly References" path="C:\Users\emartyny\Desktop\HtmlToBitmap\HTMLRendering\WindowsApplication1\WindowsApplication1.csproj" />
  <event action="Analyze" type="Success" name="Assembly References" path="C:\Users\emartyny\Desktop\HtmlToBitmap\HTMLRendering\WindowsApplication1\app.config" />
  <event action="Analyze" type="Success" name="Http Handlers" path="C:\Users\emartyny\Desktop\HtmlToBitmap\HTMLRendering\WindowsApplication1\app.config" />
  <event action="Analyze" type="Success" name="Handlers (IIS7+)" path="C:\Users\emartyny\Desktop\HtmlToBitmap\HTMLRendering\WindowsApplication1\app.config" />
  <event action="Analyze" type="Success" name="Config Sections" path="C:\Users\emartyny\Desktop\HtmlToBitmap\HTMLRendering\WindowsApplication1\app.config" />
  <event action="Analyze" type="Success" name="Render Extensions" path="C:\Users\emartyny\Desktop\HtmlToBitmap\HTMLRendering\WindowsApplication1\app.config" />
  <event action="Analyze" type="Success" name="Session State Providers" path="C:\Users\emartyny\Desktop\HtmlToBitmap\HTMLRendering\WindowsApplication1\app.config" />
  <event action="Analyze" type="Success" name="app.config" path="C:\Users\emartyny\Desktop\HtmlToBitmap\HTMLRendering\WindowsApplication1\app.config" />
  <event action="Analyze" type="Success" name="Form1.resx" path="C:\Users\emartyny\Desktop\HtmlToBitmap\HTMLRendering\WindowsApplication1\Form1.resx" />
  <event action="Analyze" type="Success" name="Resources.resx" path="C:\Users\emartyny\Desktop\HtmlToBitmap\HTMLRendering\WindowsApplication1\Properties\Resources.resx" />
  <event action="Analyze" type="Success" name="WindowsApplication1" path="C:\Users\emartyny\Desktop\HtmlToBitmap\HTMLRendering\WindowsApplication1\WindowsApplication1.csproj" />
  <event action="Analyze" type="Success" name="Assembly References" path="C:\Users\emartyny\Desktop\HtmlToBitmap\HTMLRendering\ClassLibrary2\ClassLibrary2.csproj" />
  <event action="Analyze" type="Success" name="Report1.resx" path="C:\Users\emartyny\Desktop\HtmlToBitmap\HTMLRendering\ClassLibrary2\Report1.resx" />
  <event action="Analyze" type="Success" name="ClassLibrary2" path="C:\Users\emartyny\Desktop\HtmlToBitmap\HTMLRendering\ClassLibrary2\ClassLibrary2.csproj" />
  <event action="Analyze" type="Success" name="HtmlToImage" path="C:\Users\emartyny\Desktop\HtmlToBitmap\HTMLRendering\HtmlToImage.sln" />
  <event action="Upgrade" type="Success" name="Register Directives" path="C:\Users\emartyny\Desktop\HtmlToBitmap\HTMLRendering\WebSite1\Default.aspx" />
  <event action="Upgrade" type="Success" name="Default.aspx" path="C:\Users\emartyny\Desktop\HtmlToBitmap\HTMLRendering\WebSite1\Default.aspx" />
  <event action="Upgrade" type="Success" name="Assembly References" path="C:\Users\emartyny\Desktop\HtmlToBitmap\HTMLRendering\WebSite1\Web.Config" />
  <event action="Upgrade" type="Success" name="Http Handlers" path="C:\Users\emartyny\Desktop\HtmlToBitmap\HTMLRendering\WebSite1\Web.Config" />
  <event action="Upgrade" type="Success" name="Handlers (IIS7+)" path="C:\Users\emartyny\Desktop\HtmlToBitmap\HTMLRendering\WebSite1\Web.Config" />
  <event action="Upgrade" type="Success" name="Web.Config" path="C:\Users\emartyny\Desktop\HtmlToBitmap\HTMLRendering\WebSite1\Web.Config" />
  <event action="Upgrade" type="Success" name="C:\...\WebSite1\" path="C:\Users\emartyny\Desktop\HtmlToBitmap\HTMLRendering\WebSite1" />
  <event action="Upgrade" type="Success" name="Assembly References" path="C:\Users\emartyny\Desktop\HtmlToBitmap\HTMLRendering\WindowsApplication1\WindowsApplication1.csproj" />
  <event action="Upgrade" type="Success" name="WindowsApplication1" path="C:\Users\emartyny\Desktop\HtmlToBitmap\HTMLRendering\WindowsApplication1\WindowsApplication1.csproj" />
  <event action="Upgrade" type="Success" name="Assembly References" path="C:\Users\emartyny\Desktop\HtmlToBitmap\HTMLRendering\ClassLibrary2\ClassLibrary2.csproj" />
  <event action="Upgrade" type="Success" name="ClassLibrary2" path="C:\Users\emartyny\Desktop\HtmlToBitmap\HTMLRendering\ClassLibrary2\ClassLibrary2.csproj" />
  <event action="Upgrade" type="Success" name="HtmlToImage" path="C:\Users\emartyny\Desktop\HtmlToBitmap\HTMLRendering\HtmlToImage.sln" />
</log>